matt1	Matt Willaims	me@a.com
dod	Dodie Walkes	d@b.net
sam	Samella Jantz	sam@mail.com
jone8   Jone Walt	jo@ukr.net
silv	Dia Silvey	silv.d@hello.com
sant	Santiago Roca	roca@c.org
erich	Erik Richarson	rich@mail.ru
val	Valentin Melara	mel@v.biz
inde	Inge Terra	terra@d.org
grenz777	Altagracia Grenz	grenz.a@hello-world.net
spivak	Kacie Spiva	kac@g.com
rodden.c	Codi Rodden	codi@mail.org
clem	Clement Bookout	book@ya.ru
ed	Eddie Lindon	lin@me.net
brow	Shona Browner	dark@side.biz
alp	Alise Polinsky	pol@fb.com
joll	Pilar Jolley	pilar@the.org
wtisa	Tisa Weiskopf	w@site.it
adik	Adolph Degraw	deg@ya.net
lauri	Lauri Keleher	k@p.org
jordan	Jordan Batalla	bat@bat.net
paulos_t	Tessie Paulos	tess@chai.com
kar	Karon Hirschman	k@you.me
rob	Robbie Hollingsworth	holli@mail.biz
deb	Debbi Canto	can@we.do
alex7	Alexandra Kilcrease	kil@me.please.xxx
doc	Sebrina Doctor	doctor@mayorov.net
cha	Chan Lowery	low@register.org
dendy	Ilana Dendy	den@den.me
carey69	Carey Steedley	bo@by.ua
gia	Gia Monteith	g@me.com.ru
jim	Jamey Sowders	s_j@google.mail.hello.net
jammie_L	Jammie Leitz	lei@lei.lei
mal	Malka Thoms	thoms@my.mail
tank9	Ruthie Tankersley	me@my.site.com
tris	Trista Thong	tri@star.pictures.fun
selma	Selma Berney	sel@this.that
larry	Larraine Merten	lar@l.jp
luz	Luz Bechtold	be@be.be
mis	Maranda Misiewicz	mer@mer.mur
clet	Cletus Scher	sc@my.site.it
oda_111	Oda Crochet	od1@hello.kitty
tawa	Tawana Giorgi	gio@ge.org
tye	Georgette Tye	geo@neo.com
amb	Ambrose Truby	tru@true.false
spatt	Tasha Spataro	spat@spot.com
eat	Else Eatman	man@men.org
bon_m	Mayola Bonneau	bon@jovi.john
bart	Bart Pawlowicz	bart@simpson.net
lon	Lonnie Marro	lm@smoke.ru
